family,skill_name,skill_definition
Account Management,Account Management,Understanding customer needs and maintaining strong relationships to ensure satisfaction and long-term partnerships.
Account Management,Business Acumen,"Applying knowledge of market trends, financial principles, and business strategies to inform decision-making and drive organizational growth."
Account Management,Business Development,Identifying new business opportunities and fostering growth through innovative strategies.
Account Management,Business Planning,Developing strategies to guide business operations and achieve organizational objectives.
Account Management,Channel Management,Developing and overseeing various marketing techniques and sales strategies to maximize sales and market reach.
Account Management,Contract Negotiations,"Arranging terms, conditions, and agreements with external parties to ensure favorable outcomes and mutually beneficial partnerships."
Account Management,Cross-Selling,Identifying opportunities to sell additional products or services to existing customers.
Account Management,Customer Engagement,"Building and maintaining relationships with consumers and patrons to enhance loyalty, satisfaction, and retention."
Account Management,Customer Relationship Management (CRM),"Managing interactions and relationships with customers to enhance satisfaction, loyalty, and retention through effective communication and personalized service."
Account Management,Pipeline Design,Implementing and managing sales pipelines to track and optimize the progression of leads and opportunities through the sales process.
Account Management,Product Knowledge,"Understanding the features, benefits, and applications of products or services to effectively market and sell them."
Account Management,Sales Closing,Finalizing sales transactions by persuading customers and securing commitments to purchase.
Accounting,Financial Reporting,Preparing accurate financial statements and management reports in line with reporting calendars and standards.
Accounting,GAAP / IFRS Compliance,Applying accounting standards to transactions and disclosures so records stand up to audit.
Accounting,Account Reconciliation,Matching ledger balances to supporting records and resolving differences on time.
Accounting,Month-End Close,"Running close activities (accruals, journals, reviews) within the close calendar."
Accounting,Variance Analysis,"Explaining differences between actuals, budget, and forecast to guide decisions."
Accounting,Internal Controls (SOX),"Designing, testing, and documenting controls that protect financial accuracy."
